{
  "1": {
    "usuario": "prueba",
    "emocion": "joy",
    "probas": {
      "others": 0.003270582063123584,
      "joy": 0.9941260814666748,
      "sadness": 0.0004028691619168967,
      "anger": 0.00022104500385466963,
      "surprise": 0.0011409102007746696,
      "disgust": 0.0003499274898786098,
      "fear": 0.0004885961534455419
    }
  },
  "2": {
    "usuario": "pruebanew",
    "emocion": "joy",
    "probas": {
      "others": 0.003552739741280675,
      "joy": 0.993039071559906,
      "sadness": 0.0005874598864465952,
      "anger": 0.00028510569245554507,
      "surprise": 0.0013978915521875024,
      "disgust": 0.00046046648640185595,
      "fear": 0.0006773002678528428
    }
  },
  "3": {
    "usuario": "gerh",
    "emocion": "sadness",
    "probas": {
      "others": 0.0009894638787955046,
      "joy": 0.0005954494117759168,
      "sadness": 0.9960709810256958,
      "anger": 0.0006675073527731001,
      "surprise": 0.00016985461115837097,
      "disgust": 0.0006335165235213935,
      "fear": 0.0008731846464797854
    }
  },
  "4": {
    "usuario": "agustin",
    "emocion": "anger",
    "probas": {
      "others": 0.00211853114888072,
      "joy": 0.00041707223863340914,
      "sadness": 0.0018925151089206338,
      "anger": 0.9714080691337585,
      "surprise": 0.0009090793319046497,
      "disgust": 0.02207672968506813,
      "fear": 0.001177988131530583
    }
  },
  "5": {
    "usuario": "faber",
    "emocion": "others",
    "probas": {
      "others": 0.9909822344779968,
      "joy": 0.006388484966009855,
      "sadness": 0.000683705962728709,
      "anger": 0.00022997822088655084,
      "surprise": 0.0011405791155993938,
      "disgust": 0.00018580560572445393,
      "fear": 0.0003891265077982098
    }
  },
  "6": {
    "usuario": "juandamian",
    "emocion": "joy",
    "probas": {
      "others": 0.05707660689949989,
      "joy": 0.8499930500984192,
      "sadness": 0.08658506721258163,
      "anger": 0.0014118602266535163,
      "surprise": 0.0015085464110597968,
      "disgust": 0.0021311480086296797,
      "fear": 0.0012936079874634743
    }
  },
  "7": {
    "usuario": "vanessa",
    "emocion": "joy",
    "probas": {
      "others": 0.0013003955828025937,
      "joy": 0.9953677654266357,
      "sadness": 0.000871803320478648,
      "anger": 0.00041811272967606783,
      "surprise": 0.0007774949772283435,
      "disgust": 0.0007615952636115253,
      "fear": 0.0005029907333664596
    }
  },
  "8": {
    "usuario": "edwar",
    "emocion": "joy",
    "probas": {
      "others": 0.0013812016695737839,
      "joy": 0.9964351654052734,
      "sadness": 0.0004902918008156121,
      "anger": 0.00020582230354193598,
      "surprise": 0.0007685745367780328,
      "disgust": 0.00046163907973095775,
      "fear": 0.0002573208184912801
    }
  },
  "9": {
    "usuario": "joan",
    "emocion": "others",
    "probas": {
      "others": 0.9680759906768799,
      "joy": 0.00956315454095602,
      "sadness": 0.014736850745975971,
      "anger": 0.0036518832203000784,
      "surprise": 0.0024986464995890856,
      "disgust": 0.0005452000186778605,
      "fear": 0.0009284718544222414
    }
  },
  "10": {
    "usuario": "danielcamelo",
    "emocion": "others",
    "probas": {
      "others": 0.8962208032608032,
      "joy": 0.08014320582151413,
      "sadness": 0.012036149390041828,
      "anger": 0.007186311762779951,
      "surprise": 0.0014969712356105447,
      "disgust": 0.0018808358581736684,
      "fear": 0.0010355657432228327
    }
  },
  "11": {
    "usuario": "jesus",
    "emocion": "others",
    "probas": {
      "others": 0.9575982093811035,
      "joy": 0.010114975273609161,
      "sadness": 0.006275657098740339,
      "anger": 0.004314315505325794,
      "surprise": 0.008198426105082035,
      "disgust": 0.0015371374320238829,
      "fear": 0.011961247771978378
    }
  },
  "12": {
    "usuario": "sebastian",
    "emocion": "joy",
    "probas": {
      "others": 0.006750629283487797,
      "joy": 0.990445613861084,
      "sadness": 0.0008958414546214044,
      "anger": 0.00024312139430548996,
      "surprise": 0.000802494992967695,
      "disgust": 0.0004139059456065297,
      "fear": 0.00044832821004092693
    }
  },
  "13": {
    "usuario": "diego",
    "emocion": "others",
    "probas": {
      "others": 0.45574215054512024,
      "joy": 0.365965873003006,
      "sadness": 0.16633225977420807,
      "anger": 0.0011079313699156046,
      "surprise": 0.00214946735650301,
      "disgust": 0.0015649754786863923,
      "fear": 0.007137220352888107
    }
  },
  "14": {
    "usuario": "sofia",
    "emocion": "sadness",
    "probas": {
      "others": 0.010635960847139359,
      "joy": 0.0028082001954317093,
      "sadness": 0.7998285293579102,
      "anger": 0.016604337841272354,
      "surprise": 0.0014787877444177866,
      "disgust": 0.012471698224544525,
      "fear": 0.15617255866527557
    }
  },
  "15": {
    "usuario": "Jeidy",
    "emocion": "joy",
    "probas": {
      "others": 0.0023177152033895254,
      "joy": 0.9904897212982178,
      "sadness": 0.0021129599772393703,
      "anger": 0.00029265263583511114,
      "surprise": 0.002350942697376013,
      "disgust": 0.0009148418321274221,
      "fear": 0.0015212027356028557
    }
  },
  "16": {
    "usuario": "camila",
    "emocion": "sadness",
    "probas": {
      "others": 0.027153342962265015,
      "joy": 0.03566763177514076,
      "sadness": 0.9321335554122925,
      "anger": 0.0019916952587664127,
      "surprise": 0.0007440487970598042,
      "disgust": 0.0015422357246279716,
      "fear": 0.0007674964726902544
    }
  }
}