{
  "1": {
    "usuario": "prueba",
    "emocion": "joy",
    "probas": {
      "others": 0.003270582063123584,
      "joy": 0.9941260814666748,
      "sadness": 0.0004028691619168967,
      "anger": 0.00022104500385466963,
      "surprise": 0.0011409102007746696,
      "disgust": 0.0003499274898786098,
      "fear": 0.0004885961534455419
    }
  },
  "2": {
    "usuario": "Tienda ELMORA S.A",
    "emocion": "surprise",
    "probas": {
      "others": 0.0027147941291332245,
      "joy": 0.11872392147779465,
      "sadness": 0.004383502993732691,
      "anger": 0.0010049864649772644,
      "surprise": 0.8634817004203796,
      "disgust": 0.0021181050688028336,
      "fear": 0.007573061157017946
    }
  },
  "3": {
    "usuario": "gerh",
    "emocion": "sadness",
    "probas": {
      "others": 0.0009894638787955046,
      "joy": 0.0005954494117759168,
      "sadness": 0.9960709810256958,
      "anger": 0.0006675073527731001,
      "surprise": 0.00016985461115837097,
      "disgust": 0.0006335165235213935,
      "fear": 0.0008731846464797854
    }
  },
  "4": {
    "usuario": "agustin",
    "emocion": "anger",
    "probas": {
      "others": 0.00211853114888072,
      "joy": 0.00041707223863340914,
      "sadness": 0.0018925151089206338,
      "anger": 0.9714080691337585,
      "surprise": 0.0009090793319046497,
      "disgust": 0.02207672968506813,
      "fear": 0.001177988131530583
    }
  },
  "5": {
    "usuario": "prueba",
    "emocion": "fear",
    "probas": {
      "others": 0.0041467174887657166,
      "joy": 0.002136929426342249,
      "sadness": 0.0068925125524401665,
      "anger": 0.003616005415096879,
      "surprise": 0.03032970428466797,
      "disgust": 0.006109666544944048,
      "fear": 0.9467684626579285
    }
  }
}